{"bar": {"河北": {"政治": 2.807142857142857, "经济": 2.55, "资源": 5.786666666666667, "生产": 2.684587813620072, "文化": 2.770642201834862, "民生": 3.2844036697247705}, "山东": {"政治": 0.8471615720524017, "经济": 1.2526315789473683, "资源": 1.087378640776699, "生产": 0.9941860465116279, "文化": 1.2375, "民生": 1.0}, "山西": {"政治": 3.2964285714285713, "经济": 2.975, "资源": 3.7822222222222224, "生产": 3.5663082437275984, "文化": 5.935779816513762, "民生": 3.293577981651376}, "安徽": {"政治": 5.053571428571429, "经济": 6.675, "资源": 4.04, "生产": 5.480286738351254, "文化": 6.0, "民生": 8.256880733944953}, "河南": {"政治": 5.225806451612903, "经济": 4.758333333333334, "资源": 3.96, "生产": 4.802867383512544, "文化": 2.853211009174312, "民生": 4.908256880733945}, "广东": {"政治": 2.157142857142857, "经济": 2.2666666666666666, "资源": 1.5733333333333333, "生产": 2.2007168458781363, "文化": 2.330275229357798, "民生": 2.779816513761468}, "广西": {"政治": 2.857142857142857, "经济": 2.808333333333333, "资源": 2.102222222222222, "生产": 2.5842293906810037, "文化": 2.4954128440366974, "民生": 2.63302752293578}, "湖南": {"政治": 3.8964285714285714, "经济": 4.2, "资源": 4.9688888888888885, "生产": 3.795698924731183, "文化": 3.541284403669725, "民生": 3.7981651376146788}, "辽宁": {"政治": 26.646428571428572, "经济": 35.0, "资源": 21.395555555555557, "生产": 23.881720430107528, "文化": 27.724770642201836, "民生": 30.954128440366972}, "西藏": {"政治": 5.0285714285714285, "经济": 5.608333333333333, "资源": 6.0, "生产": 4.645161290322581, "文化": 5.0, "民生": 6.36697247706422}, "吉林": {"政治": 2.2285714285714286, "经济": 2.8, "资源": 2.1422222222222222, "生产": 2.4516129032258065, "文化": 2.4311926605504586, "民生": 2.623853211009174}, "新疆": {"政治": 0.2857142857142857, "经济": 0.625, "资源": 0.375, "生产": 0.5, "文化": 0.2857142857142857, "民生": 0.4117647058823529}, "湖北": {"政治": 0.0, "经济": 0.0, "资源": 0.0, "生产": 0.0, "文化": 0.0, "民生": 0.0}, "内蒙古": {"经济": 0.0}}, "scar": {"河北": {"政治": [["2017", 2.933333333333333], ["2018", 3.7191011235955056], ["2019", 2.8], ["2020", 1.5833333333333333], ["2021", 1.9090909090909092]], "经济": [["2017", 3.066666666666667], ["2018", 2.5555555555555554], ["2019", 3.2222222222222223], ["2020", 1.9090909090909092], ["2021", 1.9565217391304348]], "资源": [["2017", 2.3684210526315788], ["2018", 6.918128654970761], ["2019", 3.2222222222222223], ["2020", 1.8], ["2021", 1.6875]], "生产": [["2017", 2.580357142857143], ["2018", 3.3333333333333335], ["2019", 3.017857142857143], ["2020", 1.4838709677419355], ["2021", 2.586206896551724]], "文化": [["2017", 2.7666666666666666], ["2018", 2.210526315789474], ["2019", 2.933333333333333], ["2020", 4.384615384615385], ["2021", 2.6153846153846154]], "民生": [["2017", 4.161290322580645], ["2018", 3.0], ["2019", 3.263157894736842], ["2020", 3.2], ["2021", 2.176470588235294]]}, "山东": {"政治": [["2017", 0.8888888888888888], ["2018", 0.6067415730337079], ["2019", 1.34], ["2020", 0.9791666666666666], ["2021", 0.5454545454545454]], "经济": [["2017", 0.4], ["2018", 0.5555555555555556], ["2019", 1.0], ["2020", 2.227272727272727], ["2021", 1.5217391304347827]], "资源": [["2018", 1.1695906432748537], ["2019", 0.7777777777777778], ["2020", 1.2], ["2021", 0.3125]], "生产": [["2017", 0.0], ["2018", 0.5882352941176471], ["2019", 1.6607142857142858], ["2020", 1.1290322580645162], ["2021", 0.4482758620689655]], "文化": [["2017", 0.0], ["2018", 1.131578947368421], ["2019", 0.7333333333333333], ["2020", 1.3846153846153846], ["2021", 2.076923076923077]], "民生": [["2017", 0.0], ["2018", 0.9545454545454546], ["2019", 1.2105263157894737], ["2020", 1.2], ["2021", 0.6470588235294118]]}, "山西": {"政治": [["2017", 4.9], ["2018", 4.46067415730337], ["2019", 2.28], ["2020", 1.3333333333333333], ["2021", 1.6363636363636365]], "经济": [["2017", 3.6666666666666665], ["2018", 5.222222222222222], ["2019", 2.5], ["2020", 0.9090909090909091], ["2021", 1.7826086956521738]], "资源": [["2017", 5.052631578947368], ["2018", 4.046783625730995], ["2019", 3.7777777777777777], ["2020", 1.4], ["2021", 0.9375]], "生产": [["2017", 4.669642857142857], ["2018", 5.0], ["2019", 2.5535714285714284], ["2020", 1.3225806451612903], ["2021", 1.1379310344827587]], "文化": [["2017", 4.233333333333333], ["2018", 11.657894736842104], ["2019", 2.7333333333333334], ["2020", 1.0769230769230769], ["2021", 1.6923076923076923]], "民生": [["2017", 6.032258064516129], ["2018", 4.2727272727272725], ["2019", 2.1052631578947367], ["2020", 1.15], ["2021", 0.8823529411764706]]}, "安徽": {"政治": [["2017", 1.3833333333333333], ["2018", 1.8651685393258426], ["2019", 2.82], ["2020", 4.520833333333333], ["2021", 24.484848484848484]], "经济": [["2017", 1.9], ["2018", 1.7777777777777777], ["2019", 4.944444444444445], ["2020", 3.772727272727273], ["2021", 22.782608695652176]], "资源": [["2017", 1.5263157894736843], ["2018", 2.1695906432748537], ["2019", 5.0], ["2020", 7.9], ["2021", 24.0625]], "生产": [["2017", 1.1160714285714286], ["2018", 1.4705882352941178], ["2019", 1.6964285714285714], ["2020", 5.838709677419355], ["2021", 36.310344827586206]], "文化": [["2017", 0.9666666666666667], ["2018", 1.5], ["2019", 2.1333333333333333], ["2020", 5.846153846153846], ["2021", 35.38461538461539]], "民生": [["2017", 1.7419354838709677], ["2018", 1.1363636363636365], ["2019", 3.3684210526315788], ["2020", 7.15], ["2021", 36.11764705882353]]}, "河南": {"政治": [["2017", 1.8983050847457628], ["2018", 4.606741573033708], ["2019", 9.78], ["2020", 6.416666666666667], ["2021", 4.212121212121212]], "经济": [["2017", 2.033333333333333], ["2018", 3.1481481481481484], ["2019", 11.333333333333334], ["2020", 5.0], ["2021", 4.826086956521739]], "资源": [["2017", 1.5263157894736843], ["2018", 4.140350877192983], ["2019", 8.11111111111111], ["2020", 3.7], ["2021", 2.75]], "生产": [["2017", 1.7232142857142858], ["2018", 6.372549019607843], ["2019", 10.017857142857142], ["2020", 5.354838709677419], ["2021", 3.2758620689655173]], "文化": [["2017", 2.2333333333333334], ["2018", 2.0789473684210527], ["2019", 3.8], ["2020", 5.0], ["2021", 3.3076923076923075]], "民生": [["2017", 2.6129032258064515], ["2018", 4.863636363636363], ["2019", 10.31578947368421], ["2020", 5.0], ["2021", 3.0]]}, "广东": {"政治": [["2017", 3.066666666666667], ["2018", 1.348314606741573], ["2019", 2.02], ["2020", 3.2291666666666665], ["2021", 1.3333333333333333]], "经济": [["2017", 2.933333333333333], ["2018", 1.8148148148148149], ["2019", 2.2222222222222223], ["2020", 2.090909090909091], ["2021", 2.130434782608696]], "资源": [["2017", 3.3157894736842106], ["2018", 1.368421052631579], ["2019", 1.2222222222222223], ["2020", 3.4], ["2021", 0.75]], "生产": [["2017", 2.4732142857142856], ["2018", 1.7647058823529411], ["2019", 2.0714285714285716], ["2020", 2.7419354838709675], ["2021", 1.5862068965517242]], "文化": [["2017", 2.533333333333333], ["2018", 2.789473684210526], ["2019", 1.6666666666666667], ["2020", 2.923076923076923], ["2021", 0.6923076923076923]], "民生": [["2017", 4.709677419354839], ["2018", 1.7272727272727273], ["2019", 2.1052631578947367], ["2020", 2.55], ["2021", 1.6470588235294117]]}, "广西": {"政治": [["2017", 2.1], ["2018", 3.393258426966292], ["2019", 2.88], ["2020", 4.125], ["2021", 0.9090909090909091]], "经济": [["2017", 2.7666666666666666], ["2018", 1.3703703703703705], ["2019", 4.722222222222222], ["2020", 4.363636363636363], ["2021", 1.565217391304348]], "资源": [["2017", 5.2105263157894735], ["2018", 1.5497076023391814], ["2019", 6.222222222222222], ["2020", 4.7], ["2021", 0.375]], "生产": [["2017", 2.982142857142857], ["2018", 2.7058823529411766], ["2019", 1.5892857142857142], ["2020", 3.7419354838709675], ["2021", 1.5172413793103448]], "文化": [["2017", 2.466666666666667], ["2018", 2.5789473684210527], ["2019", 2.2666666666666666], ["2020", 3.5384615384615383], ["2021", 1.5384615384615385]], "民生": [["2017", 2.161290322580645], ["2018", 2.4545454545454546], ["2019", 2.473684210526316], ["2020", 5.45], ["2021", 0.5882352941176471]]}, "湖南": {"政治": [["2017", 2.466666666666667], ["2018", 2.348314606741573], ["2019", 4.56], ["2020", 6.291666666666667], ["2021", 6.181818181818182]],